Participant,Index,Event Duration [ms],Fixation Position X [px],Fixation Position Y [px]
Daniel,1,223.7,530.0,358.6
Daniel,2,158.5,248.1,443.2
Daniel,3,208.6,302.1,277.7
Daniel,4,1026.3,319.7,247.0
Daniel,5,150.1,783.2,270.6
Daniel,6,166.9,948.3,262.9
Daniel,7,859.3,972.3,263.0
Daniel,8,1001.3,310.4,778.3
Daniel,9,217.0,711.3,777.0
Daniel,10,475.6,964.7,783.1
Daniel,1,358.6,607.4,300.3
Daniel,2,108.5,622.3,389.1
Daniel,3,141.9,538.7,160.5
Daniel,4,325.3,627.7,110.7
Daniel,5,425.5,667.8,60.8
Daniel,6,217.0,649.8,76.7
Daniel,7,250.4,650.7,49.6
Daniel,8,408.7,630.9,81.8
Daniel,9,400.5,686.7,68.7
Daniel,10,325.4,403.9,109.1
Daniel,11,242.0,359.8,114.1
Daniel,12,242.0,453.1,104.6
Daniel,13,492.4,521.5,122.0
Daniel,14,850.9,560.6,136.1
Daniel,15,375.5,652.3,122.7
Daniel,16,83.4,694.2,136.1
Daniel,17,442.2,721.4,109.0
Daniel,18,317.1,721.5,135.2
Daniel,19,500.6,809.1,128.0
Daniel,20,851.1,843.9,119.8
Daniel,21,216.9,905.3,121.1
Daniel,22,183.7,507.6,119.9
Daniel,23,617.5,395.1,137.7
Daniel,24,242.0,469.8,133.7
Daniel,25,667.5,546.9,148.1
Daniel,26,525.6,565.0,151.3
Daniel,27,483.9,653.7,159.8
Daniel,28,308.7,740.2,153.2
Daniel,29,475.6,830.4,157.6
Daniel,30,367.1,895.0,149.1
Daniel,31,300.5,395.5,159.6
Daniel,32,175.5,382.9,159.3
Daniel,33,525.6,437.6,167.9
Daniel,34,475.6,531.4,161.7
Daniel,35,467.2,618.4,179.5
Daniel,36,467.2,701.6,195.8
Daniel,37,392.1,761.7,185.7
Daniel,38,767.6,795.3,179.4
Daniel,39,291.4,872.3,188.4
Daniel,40,158.5,487.3,194.1
Daniel,41,141.9,368.1,170.3
Daniel,42,133.5,410.5,186.4
Daniel,43,292.2,442.2,173.4
Daniel,44,350.5,490.9,203.9
Daniel,45,342.1,561.8,212.0
Daniel,46,167.0,581.0,189.8
Daniel,47,567.3,695.2,207.2
Daniel,48,300.3,778.3,212.2
Daniel,49,534.0,854.5,215.2
Daniel,50,158.5,526.1,220.4
Daniel,51,91.7,395.2,214.7
Daniel,52,250.2,391.9,214.7
Daniel,53,275.4,460.6,221.2
Daniel,54,267.0,512.3,214.3
Daniel,55,383.7,586.7,239.5
Daniel,56,383.7,506.2,217.3
Daniel,57,91.7,664.4,230.6
Daniel,58,634.1,686.0,211.7
Daniel,59,125.1,752.3,231.0
Daniel,60,408.9,805.2,239.8
Daniel,61,675.8,875.1,245.8
Daniel,62,166.9,492.8,242.0
Daniel,63,775.9,406.2,255.1
Daniel,64,367.1,483.3,245.9
Daniel,65,250.4,541.4,246.4
Daniel,66,500.6,637.9,258.1
Daniel,67,275.4,714.3,251.2
Daniel,68,475.6,775.7,272.8
Daniel,69,308.6,853.9,267.1
Daniel,70,350.5,405.8,276.9
Daniel,71,475.5,486.9,266.7
Daniel,72,308.4,581.2,281.3
Daniel,73,208.5,606.3,286.5
Daniel,74,100.1,438.1,183.1
Daniel,75,225.2,415.7,156.4
Daniel,76,300.4,414.2,113.6
Daniel,77,158.5,455.5,131.1
Daniel,78,300.4,547.6,121.7
Daniel,79,191.8,616.6,99.2
Daniel,80,250.2,681.7,115.7
Daniel,81,383.7,755.2,136.0
Daniel,82,700.9,814.4,131.3
Daniel,83,233.6,856.0,152.1
Daniel,84,400.5,757.8,159.5
Daniel,85,525.6,843.6,172.3
Daniel,86,250.2,432.9,163.3
Daniel,87,300.4,394.0,174.7
Daniel,88,258.6,443.0,181.4
Daniel,89,225.4,526.0,177.9
Daniel,90,450.5,632.4,183.9
Daniel,91,275.4,734.3,178.6
Daniel,92,600.7,787.0,202.0
Daniel,93,292.0,747.9,181.4
Daniel,94,600.6,803.8,192.7
Daniel,95,1001.2,789.1,194.2
Daniel,96,400.6,854.6,208.5
Daniel,97,242.0,452.1,190.3
Daniel,98,534.0,437.9,215.4
Daniel,99,325.5,518.1,201.0
Daniel,100,241.8,614.4,207.5
Daniel,101,225.2,662.2,190.8
Daniel,102,225.2,743.2,217.5
Daniel,103,275.4,805.8,228.3
Daniel,104,417.1,861.9,219.9
Daniel,105,559.0,671.8,204.1
Daniel,106,333.5,873.5,213.1
Daniel,107,200.2,433.5,214.0
Daniel,108,492.2,431.9,211.0
Daniel,109,258.7,516.7,231.2
Daniel,110,375.3,582.7,246.5
Daniel,111,275.8,726.1,244.5
Daniel,112,292.0,814.1,243.5
Daniel,113,342.1,860.0,259.1
Daniel,114,133.5,424.5,248.3
Daniel,115,492.3,403.5,262.3
Daniel,116,317.0,498.2,243.6
Daniel,117,242.0,586.3,248.1
Daniel,118,442.2,713.6,251.4
Daniel,119,133.5,406.4,301.4
Daniel,120,317.1,429.0,327.4
Daniel,121,283.6,501.4,322.1
Daniel,122,442.3,566.2,317.6
Daniel,123,392.2,653.5,331.8
Daniel,124,1284.8,676.0,334.9
Daniel,125,600.7,673.6,335.3
Daniel,126,308.8,731.4,328.7
Daniel,127,650.8,816.6,333.3
Daniel,128,542.5,423.9,330.7
Daniel,129,575.7,837.3,342.1
Daniel,130,83.5,868.8,339.9
Daniel,131,250.4,538.6,324.6
Daniel,132,442.1,465.3,337.0
Daniel,133,450.6,415.1,332.6
Daniel,134,500.6,522.4,343.4
Daniel,135,333.7,594.0,375.7
Daniel,136,267.0,657.2,356.1
Daniel,137,342.1,733.5,350.3
Daniel,138,425.6,814.6,351.2
Daniel,139,183.6,868.0,353.7
Daniel,140,367.1,419.5,364.7
Daniel,141,300.6,448.7,364.4
Daniel,142,133.5,488.2,354.8
Daniel,143,125.1,529.2,401.8
Daniel,144,458.8,581.8,371.5
Daniel,145,225.4,651.5,376.2
Daniel,146,275.4,729.1,384.4
Daniel,147,533.9,819.4,388.4
Daniel,148,208.5,878.8,394.4
Daniel,149,342.1,415.8,381.1
Daniel,150,517.1,429.8,390.0
Daniel,151,517.4,512.9,399.8
Daniel,152,1401.9,576.8,406.8
Daniel,153,91.7,641.3,390.2
Daniel,154,525.6,642.7,403.2
Daniel,155,508.9,737.3,405.6
Daniel,156,667.5,854.5,412.2
Daniel,157,634.1,405.7,409.5
Daniel,158,542.1,523.5,426.0
Daniel,159,267.0,613.2,439.0
Daniel,160,492.2,692.4,437.0
Daniel,161,258.7,762.1,450.4
Daniel,162,592.5,833.5,433.8
Daniel,163,91.9,880.1,428.5
Daniel,164,292.0,404.4,425.7
Daniel,165,333.7,440.3,447.2
Daniel,166,459.0,518.7,448.5
Daniel,167,317.1,598.0,466.8
Daniel,168,208.5,672.4,463.1
Daniel,169,242.0,844.0,464.6
Daniel,170,484.0,410.7,373.1
Daniel,171,383.9,419.0,391.1
Daniel,172,400.5,430.1,382.4
Daniel,173,542.3,528.0,395.1
Daniel,174,91.7,685.6,368.0
Daniel,175,383.7,721.3,349.2
Daniel,176,267.0,808.6,358.5
Daniel,177,200.2,870.0,358.3
Daniel,178,625.7,404.7,350.7
Daniel,179,583.9,441.3,340.4
Daniel,180,250.4,395.9,329.7
Daniel,181,208.5,407.9,468.7
Daniel,182,484.0,439.9,490.3
Daniel,183,534.1,506.4,495.6
Daniel,184,667.4,604.5,496.4
Daniel,185,175.3,606.6,515.7
Daniel,186,442.1,427.7,488.0
Daniel,187,459.2,480.8,489.3
Daniel,188,258.6,426.5,484.4
Daniel,189,292.1,543.6,480.9
Daniel,190,292.1,634.4,493.1
Daniel,191,450.6,750.7,497.2
Daniel,192,1059.6,830.9,499.2
Daniel,193,174.8,855.2,523.6
Daniel,194,534.1,426.7,508.3
Daniel,195,459.0,505.3,508.5
Daniel,196,433.9,618.5,518.7
Daniel,197,458.8,692.5,523.7
Daniel,198,425.5,799.5,522.0
Daniel,199,150.1,718.1,520.9
Daniel,200,767.7,814.3,516.8
Daniel,201,542.8,854.6,492.3
Daniel,202,492.2,819.3,536.6
Daniel,203,650.8,425.3,536.1
Daniel,204,450.5,513.0,545.2
Daniel,205,450.6,578.9,529.1
Daniel,206,292.1,676.9,544.8
Daniel,207,667.4,804.3,551.7
Daniel,208,759.2,836.2,554.4
Daniel,209,192.0,411.6,545.1
Daniel,210,250.2,475.1,578.3
Daniel,211,450.6,538.4,565.7
Daniel,212,400.5,629.0,574.3
Daniel,213,333.7,707.3,573.0
Daniel,214,233.6,776.6,573.9
Daniel,215,158.5,842.5,580.7
Daniel,216,166.9,485.6,577.0
Daniel,217,500.5,429.3,592.5
Daniel,218,492.4,504.5,593.5
Daniel,219,483.8,550.4,603.7
Daniel,220,350.5,615.9,606.8
Daniel,221,542.3,708.5,605.2
Daniel,222,158.5,859.4,609.1
Daniel,223,175.2,521.1,607.7
Daniel,224,225.2,427.2,602.9
Daniel,225,333.7,451.3,614.1
Daniel,226,333.7,529.6,626.5
Daniel,227,383.5,585.0,625.4
Daniel,228,483.8,678.0,634.6
Daniel,229,458.9,769.7,634.2
Daniel,230,392.1,850.5,634.7
Daniel,231,166.9,510.6,643.0
Daniel,232,559.0,425.7,653.1
Daniel,233,358.9,742.8,641.7
Daniel,234,375.5,816.7,637.4
Daniel,235,92.4,865.7,631.8
Daniel,236,200.2,553.2,643.3
Daniel,237,400.5,589.3,653.9
Daniel,238,408.9,673.4,662.9
Daniel,239,258.6,741.9,665.0
Daniel,240,442.2,813.6,658.6
Daniel,241,292.0,419.3,657.1
Daniel,242,483.8,430.6,663.9
Daniel,243,509.0,515.6,665.3
Daniel,244,408.7,563.5,672.1
Daniel,245,617.5,534.3,676.0
Daniel,246,775.9,572.6,673.1
Daniel,247,483.9,654.2,682.0
Daniel,248,400.5,728.2,678.1
Daniel,249,584.1,792.5,677.0
Daniel,250,250.3,833.0,664.7
Daniel,251,217.0,440.3,684.2
Daniel,252,100.1,396.2,687.1
Daniel,253,384.5,437.2,693.1
Daniel,254,850.9,524.2,692.7
Daniel,255,509.0,620.1,704.6
Daniel,256,583.9,713.3,704.3
Daniel,257,475.6,803.7,707.3
Daniel,258,191.9,449.3,716.8
Daniel,259,333.7,414.7,733.2
Daniel,260,559.0,516.3,723.1
Daniel,261,333.7,594.7,730.3
Daniel,262,534.0,649.1,729.1
Daniel,263,241.9,796.3,710.5
Daniel,264,183.6,836.4,689.5
Daniel,265,100.1,413.0,702.6
Daniel,266,275.1,414.7,701.3
Daniel,267,300.4,486.8,714.9
Daniel,268,717.5,735.2,725.6
Daniel,269,325.3,803.5,726.4
Daniel,270,158.5,855.0,729.2
Daniel,271,108.4,397.8,739.0
Daniel,272,467.1,419.2,736.5
Daniel,273,475.6,509.7,745.3
Daniel,274,442.1,624.0,748.8
Daniel,275,333.7,722.5,753.6
Daniel,276,867.7,682.4,759.7
Daniel,277,325.3,635.6,727.7
Daniel,278,500.6,769.7,734.1
Daniel,279,200.2,840.0,731.8
Daniel,280,158.5,443.0,739.9
Daniel,281,742.5,412.4,738.1
Daniel,282,517.3,448.7,786.0
Daniel,283,475.6,517.2,792.1
Daniel,284,367.0,599.8,790.7
Daniel,285,516.4,677.5,794.2
Daniel,286,567.3,782.0,789.0
Daniel,287,200.2,845.9,791.0
Daniel,288,225.3,411.5,811.6
Daniel,289,400.5,410.8,818.5
Daniel,290,492.2,498.7,808.3
Daniel,291,358.7,585.6,819.9
Daniel,292,417.2,673.4,821.4
Daniel,293,600.7,785.8,812.2
Daniel,294,333.7,857.2,816.0
Daniel,295,250.3,371.5,848.6
Daniel,296,433.8,441.0,839.0
Daniel,297,325.4,491.6,831.7
Daniel,298,358.8,556.5,832.3
Daniel,299,584.3,646.1,845.0
Daniel,300,417.5,720.9,848.2
Daniel,301,600.7,814.9,843.0
Daniel,302,459.0,648.9,846.5
Daniel,303,150.3,624.7,825.8
Daniel,304,267.0,806.8,820.9
Daniel,305,267.0,858.3,827.6
Daniel,306,475.7,381.6,858.5
Daniel,307,292.0,477.5,861.8
Daniel,308,475.6,533.8,872.6
Daniel,309,892.8,652.7,846.1
Daniel,310,800.8,646.2,834.7
Daniel,311,300.5,732.3,844.8
Daniel,312,275.3,832.9,847.8
Daniel,313,183.6,552.5,863.9
Daniel,314,584.0,466.4,865.1
Daniel,315,283.7,424.7,859.9
Daniel,316,392.2,459.8,866.2
Daniel,317,392.1,385.5,860.8
Daniel,318,542.3,468.4,861.6
Daniel,319,433.9,618.9,856.9
Daniel,320,433.8,721.7,865.1
Daniel,321,500.6,788.1,857.2
Daniel,322,208.6,738.2,815.2
Daniel,323,158.4,708.0,737.0
Daniel,324,91.7,652.6,572.5
Daniel,325,400.5,636.3,553.4
Daniel,326,725.9,620.3,862.5
Daniel,327,525.7,701.1,869.1
Daniel,328,425.6,797.3,872.2
Daniel,329,584.1,399.6,892.9
Daniel,330,250.3,491.8,888.0
Daniel,331,392.2,614.9,885.9
Daniel,332,659.2,696.9,890.4
Daniel,333,559.0,603.4,898.0
Daniel,334,458.9,644.2,891.1
Daniel,335,383.7,508.2,791.8
Daniel,336,241.7,507.3,721.9
Luiza,1,108.6,604.0,406.4
Luiza,2,492.2,604.6,359.6
Luiza,3,225.2,377.2,140.3
Luiza,4,250.3,351.0,193.1
Luiza,5,517.2,347.5,189.8
Luiza,6,108.6,712.6,182.4
Luiza,7,233.6,1005.1,170.3
Luiza,8,208.6,1003.9,187.5
Luiza,9,425.5,1005.8,149.9
Luiza,10,100.1,998.0,190.6
Luiza,11,158.4,399.5,799.8
Luiza,12,1076.2,309.8,822.6
Luiza,13,100.2,676.5,795.0
Luiza,14,233.6,1059.3,741.3
Luiza,15,233.6,987.0,756.7
Luiza,1,425.4,605.4,431.6
Luiza,2,83.3,599.2,73.9
Luiza,3,83.6,593.8,41.3
Luiza,4,325.3,623.2,-27.4
Luiza,5,133.4,654.6,-54.9
Luiza,6,125.2,691.3,16.6
Luiza,7,158.5,692.0,37.6
Luiza,8,225.4,685.5,-22.1
Luiza,9,208.7,426.1,10.8
Luiza,10,166.9,408.3,23.5
Luiza,11,191.8,474.4,58.5
Luiza,12,141.7,481.8,50.8
Luiza,13,125.3,529.8,-2.1
Luiza,14,283.7,540.7,-11.4
Luiza,15,233.6,564.2,32.1
Luiza,16,225.4,569.7,-1.4
Luiza,17,492.2,615.1,-7.3
Luiza,18,1193.2,657.7,20.3
Luiza,19,517.2,726.2,22.7
Luiza,20,417.1,819.5,5.9
Luiza,21,634.1,815.6,34.8
Luiza,22,483.9,904.7,45.0
Luiza,23,100.2,686.9,37.4
Luiza,24,141.8,627.5,3.4
Luiza,25,100.1,415.0,51.5
Luiza,26,208.6,422.8,81.1
Luiza,27,225.2,461.5,68.5
Luiza,28,316.9,455.3,123.7
Luiza,29,550.6,502.7,87.0
Luiza,30,484.0,551.8,78.1
Luiza,31,258.7,556.8,38.8
Luiza,32,500.3,610.1,76.6
Luiza,33,283.9,775.9,12.9
Luiza,34,233.6,762.1,53.6
Luiza,35,166.8,730.4,80.9
Luiza,36,450.6,813.7,53.8
Luiza,37,625.8,827.4,27.1
Luiza,38,267.1,847.6,75.5
Luiza,39,458.8,680.8,83.9
Luiza,40,500.6,733.5,81.1
Luiza,41,417.1,652.9,-23.5
Luiza,42,367.1,631.2,10.5
Luiza,43,200.1,626.6,85.1
Luiza,44,325.5,690.2,65.8
Luiza,45,500.6,756.5,46.6
Luiza,46,492.4,824.1,82.3
Luiza,47,358.9,874.4,110.7
Luiza,48,133.5,855.6,105.2
Luiza,49,1535.2,855.5,66.8
Luiza,50,216.8,907.2,87.0
Luiza,51,617.5,411.1,132.8
Luiza,52,283.5,422.3,80.1
Luiza,53,483.9,467.2,86.8
Luiza,54,525.7,549.1,90.3
Luiza,55,250.3,613.2,79.5
Luiza,56,383.8,621.5,14.3
Luiza,57,141.7,651.2,77.0
Luiza,58,300.4,725.3,75.0
Luiza,59,116.8,746.0,84.6
Luiza,60,1026.3,760.9,87.0
Luiza,61,834.3,799.1,55.4
Luiza,62,458.8,879.9,72.7
Luiza,63,258.6,894.3,100.0
Luiza,64,283.7,742.7,85.3
Luiza,65,600.6,726.2,91.8
Luiza,66,283.7,770.4,119.2
Luiza,67,942.8,796.4,125.2
Luiza,68,342.1,848.2,137.9
Luiza,69,216.9,871.0,127.1
Luiza,70,675.7,422.0,158.1
Luiza,71,342.2,446.1,145.9
Luiza,72,458.9,509.4,202.3
Luiza,73,250.4,556.7,146.6
Luiza,74,492.4,584.5,142.5
Luiza,75,174.6,649.0,134.3
Luiza,76,108.5,646.6,176.1
Luiza,77,317.1,721.6,166.4
Luiza,78,751.0,777.5,139.1
Luiza,79,500.6,851.7,152.9
Luiza,80,233.6,378.8,248.1
Luiza,81,408.6,400.6,248.0
Luiza,82,333.7,890.4,148.1
Luiza,83,141.9,893.1,134.1
Luiza,84,133.5,437.1,219.7
Luiza,85,183.5,401.3,264.5
Luiza,86,275.3,428.2,201.3
Luiza,87,542.3,477.3,187.6
Luiza,88,417.2,513.0,221.8
Luiza,89,191.9,583.0,197.2
Luiza,90,375.5,621.8,148.2
Luiza,91,125.1,624.7,170.5
Luiza,92,158.5,765.8,135.3
Luiza,93,934.5,772.4,125.1
Luiza,94,509.0,852.3,127.6
Luiza,95,133.5,867.7,133.0
Luiza,96,242.0,881.1,107.4
Luiza,97,133.6,405.9,219.6
Luiza,98,575.7,410.7,267.2
Luiza,99,133.5,472.0,229.5
Luiza,100,258.7,472.4,174.5
Luiza,101,258.5,587.6,175.5
Luiza,102,150.1,621.9,148.0
Luiza,103,558.9,698.1,121.5
Luiza,104,542.3,745.1,172.6
Luiza,105,216.9,798.0,184.8
Luiza,106,608.9,836.2,165.2
Luiza,107,317.1,890.8,181.8
Luiza,108,158.5,436.8,244.0
Luiza,109,141.9,411.8,260.4
Luiza,110,233.6,422.4,232.3
Luiza,111,567.4,422.8,234.7
Luiza,112,150.2,417.7,278.9
Luiza,113,417.9,384.1,251.4
Luiza,114,325.4,455.1,259.2
Luiza,115,283.7,472.2,282.3
Luiza,116,458.8,726.3,182.5
Luiza,117,458.8,687.6,177.3
Luiza,118,342.1,709.3,139.9
Luiza,119,450.6,764.5,186.6
Luiza,120,475.5,824.5,156.2
Luiza,121,233.6,891.5,156.4
Luiza,122,450.6,399.3,216.1
Luiza,123,175.2,421.4,240.5
Luiza,124,225.0,439.8,192.1
Luiza,125,242.0,472.1,272.5
Luiza,126,859.4,582.8,255.5
Luiza,127,625.7,559.3,221.8
Luiza,128,217.0,583.3,183.7
Luiza,129,250.3,633.6,176.2
Luiza,130,292.0,647.8,123.4
Luiza,131,150.1,696.5,147.4
Luiza,132,158.6,697.7,175.1
Luiza,133,158.5,765.8,72.2
Luiza,134,183.6,763.4,170.6
Luiza,135,175.2,760.1,166.1
Luiza,136,133.5,757.3,158.9
Luiza,137,542.6,812.0,165.0
Luiza,138,242.0,844.3,168.9
Luiza,139,225.3,896.9,96.6
Luiza,140,283.7,378.5,179.3
Luiza,141,108.4,394.2,132.5
Luiza,142,250.4,429.7,197.0
Luiza,143,308.2,482.0,237.4
Luiza,144,383.8,536.6,180.3
Luiza,145,108.5,594.0,234.1
Luiza,146,108.5,584.0,314.8
Luiza,147,83.3,401.2,249.9
Luiza,148,191.9,396.2,194.9
Luiza,149,350.4,403.9,231.3
Luiza,150,509.0,424.2,310.2
Luiza,151,292.0,464.6,292.7
Luiza,152,600.8,526.7,254.0
Luiza,153,467.2,563.0,312.0
Luiza,154,350.5,616.6,315.6
Luiza,155,358.7,692.5,295.2
Luiza,156,425.6,741.2,290.0
Luiza,157,233.6,761.2,278.4
Luiza,158,592.4,826.4,309.9
Luiza,159,108.5,416.1,293.8
Luiza,160,133.3,414.3,238.6
Luiza,161,333.7,454.4,248.6
Luiza,162,976.2,460.2,296.1
Luiza,163,492.4,506.1,352.2
Luiza,164,408.8,564.7,306.6
Luiza,165,133.5,601.7,265.0
Luiza,166,484.0,646.7,324.1
Luiza,167,292.1,698.8,294.9
Luiza,168,83.5,777.5,319.1
Luiza,169,191.9,788.4,265.9
Luiza,170,216.9,793.5,291.4
Luiza,171,100.1,768.2,306.3
Luiza,172,367.1,820.5,360.6
Luiza,173,542.2,814.4,354.1
Luiza,174,475.6,865.8,302.9
Luiza,175,258.6,438.1,327.3
Luiza,176,559.0,429.9,348.3
Luiza,177,458.9,497.3,380.7
Luiza,178,417.1,536.5,360.8
Luiza,179,166.9,584.3,278.5
Luiza,180,450.6,599.7,251.9
Luiza,181,208.6,636.9,350.9
Luiza,182,133.5,631.6,393.8
Luiza,183,83.2,627.7,366.1
Luiza,184,300.4,652.4,342.5
Luiza,185,141.7,680.0,394.6
Luiza,186,116.9,548.5,401.7
Luiza,187,392.2,534.2,414.6
Luiza,188,717.6,475.9,389.0
Luiza,189,175.3,442.5,361.0
Luiza,190,91.7,458.7,371.1
Luiza,191,258.9,485.0,384.1
Luiza,192,225.2,699.6,378.0
Luiza,193,400.5,709.3,349.7
Luiza,194,308.7,777.4,386.1
Luiza,195,575.7,827.4,370.9
Luiza,196,425.4,880.8,331.3
Luiza,197,191.9,429.0,364.5
Luiza,198,191.9,405.2,381.1
Luiza,199,392.3,446.5,387.5
Luiza,200,125.1,469.1,402.2
Luiza,201,158.5,531.5,380.4
Luiza,202,242.0,547.6,287.8
Luiza,203,400.8,574.9,296.5
Luiza,204,258.7,786.4,399.2
Luiza,205,317.1,736.6,320.5
Luiza,206,142.1,483.1,371.0
Luiza,207,442.1,481.7,375.5
Luiza,208,350.5,545.8,390.2
Luiza,209,183.5,584.7,272.4
Luiza,210,350.4,599.2,401.1
Luiza,211,275.4,642.8,368.9
Luiza,212,600.8,737.2,348.8
Luiza,213,317.1,775.2,406.7
Luiza,214,492.2,837.0,356.5
Luiza,215,183.5,875.1,362.8
Luiza,216,133.6,428.9,408.0
Luiza,217,258.6,395.1,356.1
Luiza,218,166.8,446.4,391.7
Luiza,219,175.2,457.2,426.9
Luiza,220,216.9,531.3,386.6
Luiza,221,125.1,584.8,438.6
Luiza,222,116.7,630.4,429.9
Luiza,223,225.2,626.8,399.2
Luiza,224,100.1,686.9,375.0
Luiza,225,509.0,731.1,401.6
Luiza,226,283.7,766.1,430.2
Luiza,227,492.2,837.9,363.1
Luiza,228,183.5,858.5,324.2
Luiza,229,242.0,907.0,278.8
Luiza,230,233.6,408.0,391.8
Luiza,231,175.2,395.3,394.0
Luiza,232,158.5,395.3,331.6
Luiza,233,233.6,496.0,377.8
Luiza,234,250.3,546.4,424.2
Luiza,235,267.0,622.1,436.4
Luiza,236,83.4,658.8,336.3
Luiza,237,91.7,747.3,377.3
Luiza,238,692.5,770.2,417.6
Luiza,239,166.9,826.7,396.7
Luiza,240,342.0,868.6,351.8
Luiza,241,550.6,409.7,432.4
Luiza,242,525.6,527.4,454.4
Luiza,243,425.5,556.3,452.2
Luiza,244,476.0,745.2,451.3
Luiza,245,91.9,789.2,453.5
Luiza,246,83.5,827.7,407.6
Luiza,247,192.0,426.9,512.0
Luiza,248,133.5,361.8,437.2
Luiza,249,158.5,386.9,453.3
Luiza,250,125.3,508.4,383.5
Luiza,251,241.9,510.2,347.1
Luiza,252,283.6,529.1,426.6
Luiza,253,91.7,472.7,430.8
Luiza,254,191.9,469.2,429.3
Luiza,255,450.6,495.0,508.1
Luiza,256,701.0,549.1,520.5
Luiza,257,325.5,615.7,521.2
Luiza,258,484.0,667.7,474.9
Luiza,259,467.2,726.1,505.5
Luiza,260,125.1,782.1,442.1
Luiza,261,125.1,777.0,537.1
Luiza,262,108.5,808.9,491.5
Luiza,263,442.2,838.0,470.6
Luiza,264,217.0,871.0,452.3
Luiza,265,191.9,433.2,539.9
Luiza,266,183.5,449.2,559.2
Luiza,267,492.2,467.4,526.4
Luiza,268,625.7,553.0,552.4
Luiza,269,517.5,625.3,566.8
Luiza,270,383.7,663.4,565.4
Luiza,271,191.9,752.4,546.9
Luiza,272,183.5,761.7,540.1
Luiza,273,317.0,442.3,504.5
Luiza,274,108.5,403.1,475.2
Luiza,275,275.4,512.1,375.4
Luiza,276,200.2,547.9,384.3
Luiza,277,450.4,549.4,452.1
Luiza,278,392.1,538.9,512.4
Luiza,279,383.9,563.9,494.1
Luiza,280,375.5,607.7,537.2
Luiza,281,433.9,639.5,537.0
Luiza,282,575.9,697.6,509.5
Luiza,283,317.0,718.5,493.6
Luiza,284,459.0,433.1,508.7
Luiza,285,250.4,488.1,523.9
Luiza,286,150.1,500.6,505.5
Luiza,287,325.3,742.9,509.7
Luiza,288,133.5,784.3,504.9
Luiza,289,250.4,807.1,469.6
Luiza,290,158.4,837.9,466.4
Luiza,291,408.9,832.1,502.6
Luiza,292,358.7,878.0,468.4
Luiza,293,166.9,902.9,441.3
Luiza,294,383.9,438.8,539.7
Luiza,295,375.4,477.7,541.0
Luiza,296,601.4,523.3,532.9
Luiza,297,91.8,565.5,582.0
Luiza,298,625.6,599.6,576.6
Luiza,299,484.0,656.0,552.0
Luiza,300,267.0,784.8,511.2
Luiza,301,100.1,817.7,482.6
Luiza,302,225.2,819.2,508.1
Luiza,303,125.1,829.5,459.3
Luiza,304,158.8,798.8,472.0
Luiza,305,208.7,867.1,457.4
Luiza,306,91.9,843.8,472.2
Luiza,307,150.1,419.1,560.1
Luiza,308,350.5,419.9,535.8
Luiza,309,292.2,472.7,572.3
Luiza,310,717.6,526.4,581.4
Luiza,311,634.1,603.9,567.3
Luiza,312,475.6,829.8,500.4
Luiza,313,300.3,420.4,566.7
Luiza,314,358.8,488.2,564.2
Luiza,315,183.4,519.5,594.1
Luiza,316,292.0,541.3,577.5
Luiza,317,300.4,559.9,579.6
Luiza,318,208.6,590.1,589.8
Luiza,319,542.2,668.7,553.8
Luiza,320,83.5,708.5,539.7
Luiza,321,459.1,804.9,544.1
Luiza,322,283.6,899.1,535.2
Luiza,323,659.2,432.9,592.8
Luiza,324,300.4,496.7,626.7
Luiza,325,450.6,521.8,624.1
Luiza,326,450.5,578.0,597.6
Luiza,327,250.4,663.2,586.7
Luiza,328,392.2,775.3,576.2
Luiza,329,133.5,731.7,575.1
Luiza,330,425.5,824.5,543.5
Luiza,331,317.0,793.0,570.3
Luiza,332,625.8,849.1,548.4
Luiza,333,1001.4,880.3,531.6
Luiza,334,150.2,443.7,605.3
Luiza,335,759.3,421.3,602.7
Luiza,336,442.3,498.3,618.1
Luiza,337,350.5,611.8,600.4
Luiza,338,208.6,681.0,597.1
Luiza,339,342.1,733.0,591.4
Luiza,340,158.5,754.7,643.1
Luiza,341,150.3,804.1,517.3
Luiza,342,191.9,838.8,562.9
Luiza,343,325.6,833.8,621.5
Luiza,344,467.2,897.0,541.3
Luiza,345,175.2,446.1,614.7
Luiza,346,125.2,436.2,667.4
Luiza,347,892.7,418.5,630.2
Luiza,348,609.1,490.0,664.9
Luiza,349,467.3,565.8,683.6
Luiza,350,116.9,592.4,671.9
Luiza,351,525.5,680.5,642.8
Luiza,352,317.0,742.5,647.1
Luiza,353,83.4,851.4,593.0
Luiza,354,166.9,875.1,577.6
Luiza,355,333.8,394.0,667.9
Luiza,356,341.9,533.3,663.2
Luiza,357,141.8,611.7,702.1
Luiza,358,400.5,727.3,691.6
Luiza,359,300.3,770.0,684.1
Luiza,360,283.7,836.7,674.1
Luiza,361,533.9,420.8,690.6
Luiza,362,867.7,448.8,687.7
Luiza,363,534.0,512.1,707.7
Luiza,364,525.8,519.5,703.5
Luiza,365,575.7,621.8,686.5
Luiza,366,433.8,665.0,672.5
Luiza,367,375.7,719.8,707.6
Luiza,368,300.6,773.3,698.2
Luiza,369,300.4,792.0,702.9
Luiza,370,300.4,789.4,702.1
Luiza,371,300.4,728.9,688.4
Luiza,372,300.4,734.9,679.5
Luiza,373,300.4,760.2,661.0
Luiza,374,300.4,786.7,674.5
Luiza,375,300.4,844.0,665.8
Luiza,376,258.7,427.6,700.0
Luiza,377,267.0,413.2,742.4
Luiza,378,459.0,452.3,725.6
Luiza,379,592.5,478.4,698.7
Luiza,380,467.5,540.3,713.2
Luiza,381,342.1,631.7,697.8
Luiza,382,325.4,748.8,690.3
Luiza,383,592.3,834.8,677.1
Luiza,384,183.6,856.4,681.9
Luiza,385,392.2,403.3,735.3
Luiza,386,458.5,425.9,711.7
Luiza,387,600.7,496.7,746.4
Luiza,388,91.7,477.1,689.0
Luiza,389,475.6,528.7,736.9
Luiza,390,425.5,602.9,746.3
Luiza,391,525.6,663.8,713.3
Luiza,392,876.1,721.2,703.5
Luiza,393,575.7,800.5,686.4
Luiza,394,342.1,371.1,745.3
Luiza,395,600.7,395.1,764.8
Luiza,396,400.5,450.0,748.5
Luiza,397,592.3,543.4,741.5
Luiza,398,342.1,689.4,743.8
Luiza,399,300.4,726.8,725.9
Luiza,400,492.2,799.1,729.3
Luiza,401,83.4,838.9,700.7
Luiza,402,150.1,393.1,786.1
Luiza,403,317.1,348.0,789.5
Luiza,404,392.0,504.6,774.8
Luiza,405,166.9,491.9,773.2
Luiza,406,100.1,591.7,772.7
Luiza,407,333.8,542.3,760.2
Luiza,408,408.9,372.9,827.0
Luiza,409,325.3,428.3,848.5
Luiza,410,217.0,435.7,843.9
Luiza,411,242.0,431.0,837.6
Luiza,412,959.4,501.1,848.1
Luiza,413,383.7,557.3,827.8
Luiza,414,1001.2,628.6,800.3
Luiza,415,492.8,691.5,804.6
Luiza,416,125.4,406.5,841.4
Luiza,417,992.7,484.1,832.2
Luiza,418,784.3,578.3,816.5
Luiza,419,158.6,644.8,821.7
Luiza,420,584.1,713.8,801.1
Luiza,421,116.8,441.3,823.1
Luiza,422,450.5,472.6,833.4
Luiza,423,350.3,551.9,835.5
Luiza,424,116.9,607.5,767.9
Luiza,425,559.1,660.7,793.7
Luiza,426,508.9,733.7,803.7
Luiza,427,584.0,797.1,802.3
Luiza,428,258.5,840.7,809.0
Luiza,429,592.4,407.5,866.0
Luiza,430,300.4,439.4,851.0
Luiza,431,775.9,442.9,862.0
Luiza,432,392.3,550.0,839.9
Luiza,433,233.6,452.0,869.3
Luiza,434,392.1,544.2,842.5
Luiza,435,291.9,552.9,841.1
Luiza,436,367.1,634.4,833.2
Luiza,437,517.2,711.3,819.8
Luiza,438,367.1,751.8,841.1
Luiza,439,408.8,818.9,822.8
Luiza,440,158.5,872.6,825.0
Luiza,441,200.2,401.8,853.2
Luiza,442,300.3,373.9,870.8
Luiza,443,375.4,428.9,884.5
Luiza,444,300.4,455.3,874.7
Luiza,445,300.4,486.0,864.2
Luiza,446,542.3,530.8,866.9
Luiza,447,575.7,533.1,881.5
Luiza,448,191.8,588.0,882.0
Luiza,449,325.2,641.2,858.3
Luiza,450,801.0,656.0,856.2
Luiza,451,976.2,731.9,854.1
Luiza,452,300.4,791.5,857.6
Luiza,453,734.0,843.0,849.9
Luiza,454,1076.3,365.3,909.7
Luiza,455,834.9,372.5,913.7
Luiza,456,1476.8,415.0,900.5
Luiza,457,700.8,439.7,901.7
Luiza,458,124.8,507.5,906.0
Luiza,459,392.1,612.1,880.5
Luiza,460,300.4,621.9,871.3
Luiza,461,575.7,616.2,882.2
Luiza,462,392.2,680.6,867.4
Luiza,463,1234.8,685.7,875.9
Luiza,464,150.1,748.5,868.2
Luiza,465,300.3,731.2,870.7
Luiza,466,684.2,822.4,859.6
Luiza,467,233.6,357.6,912.9
Luiza,468,225.2,451.6,885.7
Luiza,469,342.1,436.6,915.3
Luiza,470,392.1,513.8,905.2
Luiza,471,250.2,534.4,914.0
Luiza,472,275.4,585.2,921.9
Luiza,473,141.7,672.5,891.0
Luiza,474,433.8,688.9,889.4
Luiza,475,500.6,690.7,900.1
Luiza,476,283.9,686.8,902.9
Luiza,477,175.1,570.7,903.9
Luiza,478,116.8,553.1,908.2
Alex,1,183.6,-71.7,1001.8
Alex,2,392.4,612.1,552.2
Alex,3,116.7,383.3,446.3
Alex,4,133.5,362.6,279.4
Alex,5,217.0,328.2,237.8
Alex,6,717.6,317.6,216.1
Alex,7,116.9,776.7,262.3
Alex,8,166.8,954.5,284.5
Alex,9,817.7,950.8,287.8
Alex,10,91.8,432.0,690.8
Alex,11,100.1,393.8,718.6
Alex,12,333.9,271.1,798.2
Alex,13,667.4,289.4,770.5
Alex,14,150.3,786.1,760.9
Alex,15,509.0,972.4,773.7
Alex,1,250.4,-55.5,1006.5
Alex,2,166.8,602.2,560.5
Alex,3,133.5,553.7,204.1
Alex,4,116.7,444.4,180.0
Alex,5,400.5,611.0,122.3
Alex,6,208.6,650.7,130.8
Alex,7,675.9,689.6,134.4
Alex,8,425.4,641.2,140.6
Alex,9,458.9,708.0,130.1
Alex,10,600.7,409.1,129.6
Alex,11,225.2,388.8,120.1
Alex,12,316.8,463.2,151.3
Alex,13,842.7,553.1,166.3
Alex,14,283.7,606.7,169.1
Alex,15,334.0,650.3,169.6
Alex,16,500.5,700.9,170.2
Alex,17,242.0,745.5,175.1
Alex,18,200.2,789.1,172.6
Alex,19,584.0,782.7,150.6
Alex,20,509.1,817.5,132.6
Alex,21,625.6,849.0,153.7
Alex,22,208.5,849.2,167.2
Alex,23,1243.2,883.2,152.2
Alex,24,275.4,907.4,181.9
Alex,25,158.5,452.5,161.7
Alex,26,734.2,408.3,144.3
Alex,27,400.5,402.2,132.7
Alex,28,125.2,424.0,120.8
Alex,29,475.5,401.2,123.6
Alex,30,500.6,430.1,142.7
Alex,31,501.3,489.8,178.3
Alex,32,692.6,553.6,183.5
Alex,33,133.5,575.6,212.5
Alex,34,817.6,616.7,182.0
Alex,35,667.4,661.2,192.1
Alex,36,425.4,720.8,201.5
Alex,37,225.2,711.9,231.7
Alex,38,659.0,779.4,183.1
Alex,39,467.3,816.6,193.7
Alex,40,1468.4,863.8,194.8
Alex,41,1752.1,878.1,193.4
Alex,42,175.2,922.0,178.1
Alex,43,208.6,427.3,181.1
Alex,44,442.2,410.5,191.4
Alex,45,1134.7,481.6,189.5
Alex,46,1093.0,543.8,196.2
Alex,47,625.9,566.1,189.9
Alex,48,625.7,618.0,200.5
Alex,49,400.5,674.5,215.1
Alex,50,834.3,723.1,220.1
Alex,51,1351.9,809.4,211.7
Alex,52,500.6,861.5,210.1
Alex,53,2519.7,882.8,216.6
Alex,54,158.5,469.0,210.8
Alex,55,567.5,402.9,199.9
Alex,56,233.6,404.5,192.1
Alex,57,542.4,476.3,194.7
Alex,58,275.3,516.9,198.3
Alex,59,125.1,529.9,228.5
Alex,60,659.1,564.6,218.7
Alex,61,458.8,573.1,210.3
Alex,62,884.5,574.5,217.9
Alex,63,750.6,635.4,228.7
Alex,64,959.4,694.7,217.7
Alex,65,550.5,720.9,227.5
Alex,66,450.6,718.5,211.4
Alex,67,1134.7,782.9,234.0
Alex,68,534.0,784.2,223.9
Alex,69,625.7,786.4,224.0
Alex,70,751.0,826.4,224.9
Alex,71,408.8,874.2,224.1
Alex,72,217.0,437.3,203.5
Alex,73,375.5,398.4,213.4
Alex,74,634.1,493.7,225.2
Alex,75,225.2,573.6,232.7
Alex,76,684.1,616.4,245.4
Alex,77,550.7,662.7,242.7
Alex,78,1001.2,732.5,258.9
Alex,79,1134.7,810.1,250.8
Alex,80,1326.4,863.9,260.0
Alex,81,116.9,470.6,243.4
Alex,82,300.4,401.6,223.5
Alex,83,525.6,428.2,241.0
Alex,84,701.0,494.3,245.2
Alex,85,192.0,543.4,251.1
Alex,86,283.7,575.4,283.7
Alex,87,225.3,602.0,279.2
Alex,88,575.9,651.0,268.2
Alex,89,241.8,718.4,260.7
Alex,90,175.2,720.5,266.1
Alex,91,617.3,774.9,268.2
Alex,92,850.9,842.5,295.4
Alex,93,283.7,412.8,297.4
Alex,94,125.1,437.1,276.3
Alex,95,275.4,440.9,281.7
Alex,96,542.4,507.9,267.2
Alex,97,425.0,570.1,273.6
Alex,98,567.5,641.2,284.3
Alex,99,617.2,641.6,316.7
Alex,100,125.1,477.6,300.2
Alex,101,784.4,435.5,291.6
Alex,102,650.8,506.6,313.2
Alex,103,400.6,558.2,321.1
Alex,104,834.4,615.7,336.6
Alex,105,1009.6,685.9,341.2
Alex,106,917.8,749.6,331.8
Alex,107,250.3,762.1,346.6
Alex,108,742.5,824.6,348.9
Alex,109,133.5,867.6,322.0
Alex,110,1101.3,446.2,326.6
Alex,111,1059.6,504.5,341.7
Alex,112,692.5,553.9,346.4
Alex,113,116.8,594.9,353.2
Alex,114,442.2,633.8,362.4
Alex,115,767.7,709.8,358.2
Alex,116,1051.2,792.4,365.5
Alex,117,2211.0,821.8,372.1
Alex,118,367.1,864.6,392.3
Alex,119,1468.6,426.1,341.2
Alex,120,1084.7,491.8,361.0
Alex,121,784.2,531.1,369.0
Alex,122,1059.6,619.5,383.6
Alex,123,1176.4,674.7,396.4
Alex,124,250.2,734.4,399.9
Alex,125,475.7,740.3,384.6
Alex,126,308.8,781.2,386.5
Alex,127,509.2,806.3,393.4
Alex,128,700.8,809.7,381.8
Alex,129,617.4,839.6,391.8
Alex,130,625.7,861.0,402.3
Alex,131,166.9,465.3,361.9
Alex,132,492.3,429.3,385.0
Alex,133,342.1,484.7,385.6
Alex,134,1026.2,543.2,383.2
Alex,135,1026.1,592.8,396.9
Alex,136,1568.5,649.5,412.0
Alex,137,1251.5,732.0,412.5
Alex,138,1276.4,821.0,417.8
Alex,139,318.0,864.1,417.5
Alex,140,150.2,473.0,386.7
Alex,141,517.2,431.7,403.1
Alex,142,942.8,526.2,411.4
Alex,143,976.0,555.4,418.2
Alex,144,91.9,527.0,457.1
Alex,145,308.7,626.2,450.9
Alex,146,350.5,630.5,447.1
Alex,147,559.2,653.4,438.5
Alex,148,83.5,691.1,459.4
Alex,149,784.4,727.3,441.5
Alex,150,750.9,820.5,437.5
Alex,151,242.0,866.7,458.5
Alex,152,267.0,442.7,428.1
Alex,153,942.8,444.1,425.3
Alex,154,759.4,506.5,426.9
Alex,155,1042.6,526.1,434.3
Alex,156,367.1,581.2,446.9
Alex,157,642.3,606.4,454.7
Alex,158,734.2,668.9,457.2
Alex,159,342.2,679.6,484.7
Alex,160,634.1,738.7,469.5
Alex,161,442.1,811.7,479.8
Alex,162,684.2,840.7,477.7
Alex,163,275.4,880.3,473.5
Alex,164,183.6,461.5,460.7
Alex,165,1026.3,449.4,464.2
Alex,166,717.5,526.4,477.5
Alex,167,450.5,575.2,489.4
Alex,168,917.8,643.7,511.8
Alex,169,483.5,719.8,513.5
Alex,170,166.9,760.8,521.3
Alex,171,242.0,799.7,509.2
Alex,172,1618.6,830.5,516.3
Alex,173,1660.2,856.0,509.0
Alex,174,200.3,463.5,477.8
Alex,175,1051.4,440.4,479.7
Alex,176,883.8,473.9,491.0
Alex,177,1443.5,549.3,502.6
Alex,178,767.6,617.1,528.1
Alex,179,550.7,668.2,531.3
Alex,180,408.9,756.4,540.0
Alex,181,484.0,830.1,529.2
Alex,182,116.7,455.4,504.1
Alex,183,934.4,460.2,500.9
Alex,184,625.7,527.3,528.7
Alex,185,976.2,584.6,542.1
Alex,186,534.0,654.3,558.4
Alex,187,951.2,711.7,557.7
Alex,188,1026.3,788.0,555.0
Alex,189,483.8,846.7,562.5
Alex,190,192.0,465.4,549.2
Alex,191,108.5,404.1,520.5
Alex,192,275.4,432.0,541.5
Alex,193,400.5,420.0,564.3
Alex,194,208.5,435.9,560.6
Alex,195,342.1,423.9,551.3
Alex,196,500.6,449.4,533.7
Alex,197,1076.2,509.9,554.5
Alex,198,225.2,557.1,582.9
Alex,199,692.5,601.3,580.0
Alex,200,742.6,675.2,568.1
Alex,201,1526.8,767.6,584.3
Alex,202,517.2,830.6,578.2
Alex,203,500.7,416.0,566.9
Alex,204,233.5,389.1,576.8
Alex,205,442.2,446.0,588.0
Alex,206,158.6,504.9,588.3
Alex,207,233.7,509.8,603.0
Alex,208,216.9,472.8,608.7
Alex,209,942.8,530.6,586.8
Alex,210,100.1,611.3,610.3
Alex,211,350.4,536.2,595.2
Alex,212,225.4,526.0,587.2
Alex,213,634.2,573.8,591.0
Alex,214,517.4,659.0,609.1
Alex,215,308.5,713.6,610.0
Alex,216,775.9,759.5,608.1
Alex,217,484.0,800.8,607.7
Alex,218,317.2,823.9,605.8
Alex,219,550.8,881.6,592.9
Alex,220,158.5,440.9,619.9
Alex,221,367.1,394.7,614.6
Alex,222,934.6,426.4,608.6
Alex,223,467.4,494.3,600.8
Alex,224,609.2,571.8,620.3
Alex,225,366.9,650.1,617.5
Alex,226,175.2,710.8,618.2
Alex,227,892.7,762.5,627.3
Alex,228,400.5,827.1,632.3
Alex,229,534.0,876.7,621.9
Alex,230,150.2,443.3,619.2
Alex,231,492.2,382.8,644.4
Alex,232,575.7,440.0,647.0
Alex,233,617.5,513.4,645.2
Alex,234,609.0,580.5,647.6
Alex,235,725.8,649.6,652.8
Alex,236,1092.9,728.0,654.8
Alex,237,158.6,817.8,654.3
Alex,238,408.8,807.3,654.2
Alex,239,225.2,838.3,652.9
Alex,240,500.7,389.5,648.0
Alex,241,450.5,421.2,673.0
Alex,242,634.1,490.2,668.1
Alex,243,1051.4,573.7,669.9
Alex,244,659.1,660.9,678.0
Alex,245,859.4,748.0,680.5
Alex,246,1543.5,795.7,688.4
Alex,247,308.8,857.0,685.2
Alex,248,216.6,404.2,698.0
Alex,249,508.9,398.2,695.0
Alex,250,125.1,442.6,702.7
Alex,251,125.1,457.3,715.5
Alex,252,308.8,501.3,697.8
Alex,253,1017.9,580.5,698.3
Alex,254,300.4,652.7,697.4
Alex,255,876.1,727.6,702.6
Alex,256,292.0,791.9,701.9
Alex,257,542.4,850.6,700.9
Alex,258,200.2,405.7,719.8
Alex,259,584.1,399.2,726.8
Alex,260,826.0,487.5,723.7
Alex,261,884.5,582.9,721.8
Alex,262,483.9,668.1,726.2
Alex,263,1218.0,755.2,730.5
Alex,264,559.1,838.1,724.8
Alex,265,116.8,431.7,725.9
Alex,266,492.2,391.5,741.1
Alex,267,250.6,441.3,747.4
Alex,268,367.1,509.8,745.9
Alex,269,283.7,566.8,756.7
Alex,270,517.1,646.9,746.0
Alex,271,517.4,739.8,744.2
Alex,272,1451.8,415.7,787.8
Alex,273,600.8,492.6,795.9
Alex,274,1042.9,572.4,787.5
Alex,275,1101.3,657.7,784.6
Alex,276,241.9,410.6,789.6
Alex,277,242.0,366.2,787.1
Alex,278,433.8,506.8,790.4
Alex,279,659.0,570.1,786.1
Alex,280,517.2,720.4,797.7
Alex,281,1226.6,745.9,797.4
Alex,282,116.8,782.0,795.8
Alex,283,258.8,830.8,798.2
Alex,284,208.5,852.3,786.7
Alex,285,116.9,867.6,788.7
Alex,286,542.2,376.6,811.6
Alex,287,517.4,436.9,815.9
Alex,288,317.1,500.8,824.3
Alex,289,742.5,582.3,808.7
Alex,290,434.0,668.5,808.8
Alex,291,867.8,721.7,818.2
Alex,292,2211.0,834.6,820.0
Alex,293,133.5,886.3,826.1
Alex,294,183.6,405.6,830.5
Alex,295,425.5,388.1,846.5
Alex,296,83.4,409.7,848.2
Alex,297,542.4,451.0,841.6
Alex,298,200.2,494.0,840.5
Alex,299,141.9,531.5,840.1
Alex,300,333.7,576.3,832.2
Alex,301,650.7,625.1,830.1
Alex,302,1034.7,690.8,840.9
Alex,303,417.2,623.5,835.8
Alex,304,717.6,705.4,848.2
Alex,305,767.6,798.1,847.5
Alex,306,458.9,865.9,843.2
Alex,307,225.3,406.6,858.4
Alex,308,542.4,393.5,869.1
Alex,309,1284.9,463.9,863.4
Alex,310,1176.4,539.3,863.1
Alex,311,525.7,610.9,857.0
Alex,312,776.1,697.0,863.2
Alex,313,442.1,792.3,865.3
Alex,314,191.8,841.9,866.2
Alex,315,992.8,406.5,885.2
Alex,316,801.0,466.7,888.8
Alex,317,734.2,579.5,880.0
Alex,318,500.6,663.6,889.0
Alex,319,2002.4,707.6,892.1
Inbar,1,116.8,847.1,69.1
Inbar,2,200.2,534.2,770.5
Inbar,3,100.1,557.3,764.2
Inbar,4,166.9,116.9,1045.1
Inbar,5,91.8,360.5,167.8
Inbar,6,383.7,319.1,222.7
Inbar,7,450.6,327.2,261.2
Inbar,8,108.3,739.9,185.9
Inbar,9,116.8,916.5,192.0
Inbar,10,358.7,1025.3,206.9
Inbar,11,525.6,1021.4,215.2
Inbar,12,91.9,588.3,506.8
Inbar,13,83.4,228.0,857.6
Inbar,14,125.1,181.4,876.5
Inbar,15,191.9,308.0,801.7
Inbar,16,192.0,459.1,729.0
Inbar,17,150.2,452.7,725.6
Inbar,18,233.5,955.2,737.0
Inbar,19,116.7,997.3,768.3
Inbar,1,233.6,559.4,466.3
Inbar,2,141.9,642.0,489.8
Inbar,3,175.2,590.8,102.6
Inbar,4,333.7,431.2,120.4
Inbar,5,275.4,503.0,123.2
Inbar,6,433.8,598.3,117.9
Inbar,7,275.4,697.6,94.8
Inbar,8,325.3,655.3,90.8
Inbar,9,135.2,659.0,105.8
Inbar,10,483.9,766.8,109.0
Inbar,11,275.3,691.4,98.1
Inbar,12,517.2,792.3,111.5
Inbar,13,976.2,855.4,101.5
Inbar,14,283.6,859.6,88.0
Inbar,15,1426.5,875.3,115.5
Inbar,16,208.6,899.9,115.5
Inbar,17,417.2,864.4,101.9
Inbar,18,492.2,831.5,106.6
Inbar,19,300.4,880.9,116.8
Inbar,20,183.6,926.4,102.5
Inbar,21,667.5,432.1,136.1
Inbar,22,166.8,867.9,93.2
Inbar,23,383.7,426.6,143.9
Inbar,24,592.4,473.8,144.4
Inbar,25,308.7,403.8,139.6
Inbar,26,592.4,428.6,132.3
Inbar,27,225.4,420.0,153.1
Inbar,28,375.5,436.9,138.9
Inbar,29,358.7,518.0,144.7
Inbar,30,725.8,434.5,149.2
Inbar,31,183.6,488.6,153.0
Inbar,32,926.2,540.2,150.9
Inbar,33,400.5,575.9,145.8
Inbar,34,509.0,539.6,140.9
Inbar,35,584.1,578.4,138.9
Inbar,36,91.8,512.2,114.4
Inbar,37,525.6,450.4,135.5
Inbar,38,508.9,533.4,137.6
Inbar,39,133.5,560.9,105.4
Inbar,40,592.3,630.8,141.6
Inbar,41,300.4,652.7,139.4
Inbar,42,625.5,726.8,148.4
Inbar,43,250.2,670.8,171.5
Inbar,44,141.9,810.9,150.6
Inbar,45,100.1,767.4,163.6
Inbar,46,200.2,588.5,167.7
Inbar,47,392.1,580.4,146.9
Inbar,48,467.2,774.7,153.8
Inbar,49,517.2,811.4,126.3
Inbar,50,733.6,877.8,129.5
Inbar,51,342.1,889.5,134.4
Inbar,52,158.6,940.1,101.3
Inbar,53,166.7,447.4,164.3
Inbar,54,350.5,435.0,173.6
Inbar,55,333.7,514.2,163.5
Inbar,56,108.5,544.1,167.4
Inbar,57,258.6,605.0,161.3
Inbar,58,500.6,652.3,159.2
Inbar,59,150.1,646.4,130.9
Inbar,60,417.2,732.1,180.7
Inbar,61,175.2,738.7,174.5
Inbar,62,642.4,760.6,206.2
Inbar,63,141.8,824.1,194.4
Inbar,64,225.2,815.8,178.3
Inbar,65,183.5,870.5,167.4
Inbar,66,150.3,843.3,169.6
Inbar,67,483.9,781.9,198.7
Inbar,68,91.4,784.2,214.6
Inbar,69,492.2,910.8,159.8
Inbar,70,951.0,911.7,161.2
Inbar,71,367.1,461.3,221.5
Inbar,72,83.5,431.7,228.9
Inbar,73,525.6,479.3,184.4
Inbar,74,191.9,514.4,165.8
Inbar,75,642.3,561.1,197.7
Inbar,76,216.8,647.3,178.4
Inbar,77,292.1,644.4,201.2
Inbar,78,83.4,688.7,204.9
Inbar,79,183.5,720.4,195.6
Inbar,80,217.0,701.2,223.5
Inbar,81,233.9,829.6,183.1
Inbar,82,559.0,783.4,202.2
Inbar,83,166.9,826.3,195.4
Inbar,84,358.6,908.8,191.2
Inbar,85,333.6,868.3,208.7
Inbar,86,509.0,922.0,200.1
Inbar,87,233.6,476.4,214.2
Inbar,88,475.6,457.7,242.8
Inbar,89,225.2,531.4,221.2
Inbar,90,250.2,562.3,209.7
Inbar,91,442.2,636.8,226.7
Inbar,92,150.3,671.6,224.7
Inbar,93,167.0,602.6,245.3
Inbar,94,150.2,681.0,233.2
Inbar,95,650.7,746.5,226.5
Inbar,96,175.2,736.2,231.3
Inbar,97,450.5,859.4,229.9
Inbar,98,100.1,897.0,242.1
Inbar,99,459.0,807.9,240.5
Inbar,100,175.7,750.3,242.8
Inbar,101,83.3,881.0,250.0
Inbar,102,308.8,909.9,249.5
Inbar,103,166.6,936.3,220.9
Inbar,104,100.2,831.8,223.4
Inbar,105,208.5,854.8,237.1
Inbar,106,492.2,916.6,229.3
Inbar,107,216.9,458.7,244.1
Inbar,108,241.9,442.7,261.8
Inbar,109,200.2,939.1,237.8
Inbar,110,166.9,475.6,251.2
Inbar,111,417.2,430.7,268.6
Inbar,112,433.8,495.4,234.9
Inbar,113,484.0,558.4,247.4
Inbar,114,125.2,576.5,255.2
Inbar,115,150.2,592.0,252.1
Inbar,116,108.5,576.0,272.4
Inbar,117,308.6,619.2,264.9
Inbar,118,467.2,662.6,268.4
Inbar,119,233.6,734.9,259.9
Inbar,120,267.0,789.6,244.1
Inbar,121,375.4,834.1,231.8
Inbar,122,308.7,896.4,229.4
Inbar,123,133.5,936.6,248.9
Inbar,124,141.8,489.6,260.5
Inbar,125,592.3,454.3,281.5
Inbar,126,367.1,511.4,279.2
Inbar,127,141.8,486.3,284.4
Inbar,128,275.4,552.8,277.1
Inbar,129,141.9,602.0,284.4
Inbar,130,116.9,624.4,287.0
Inbar,131,141.8,567.0,281.3
Inbar,132,141.8,554.8,280.5
Inbar,133,91.8,663.8,284.4
Inbar,134,217.0,651.0,275.1
Inbar,135,175.2,431.9,320.8
Inbar,136,250.2,458.1,320.8
Inbar,137,509.0,597.4,292.6
Inbar,138,183.6,560.0,290.1
Inbar,139,241.9,538.7,273.1
Inbar,140,83.4,643.8,281.0
Inbar,141,149.8,680.3,289.7
Inbar,142,91.9,681.7,290.7
Inbar,143,100.2,711.3,298.3
Inbar,144,100.1,449.7,311.5
Inbar,145,208.6,433.6,316.4
Inbar,146,133.5,438.2,256.3
Inbar,147,158.6,507.3,192.0
Inbar,148,266.7,541.1,191.5
Inbar,149,450.6,622.5,178.4
Inbar,150,267.4,716.1,180.4
Inbar,151,308.7,815.7,189.3
Inbar,152,367.1,658.8,197.8
Inbar,153,150.3,602.6,211.5
Inbar,154,125.2,624.7,191.9
Inbar,155,759.3,764.1,174.1
Inbar,156,500.6,814.0,173.6
Inbar,157,250.4,797.2,167.0
Inbar,158,442.1,852.9,178.2
Inbar,159,367.1,801.0,188.2
Inbar,160,659.1,915.3,179.0
Inbar,161,166.4,575.8,202.7
Inbar,162,425.7,464.5,211.5
Inbar,163,275.4,549.5,198.9
Inbar,164,116.7,648.1,185.4
Inbar,165,367.1,651.2,207.2
Inbar,166,225.2,745.1,208.2
Inbar,167,258.6,827.9,202.6
Inbar,168,192.0,915.6,199.1
Inbar,169,150.1,521.7,218.3
Inbar,170,283.5,435.1,240.5
Inbar,171,275.4,468.0,224.7
Inbar,172,183.5,569.2,243.9
Inbar,173,91.8,569.1,220.0
Inbar,174,283.5,522.6,234.0
Inbar,175,350.4,464.7,358.9
Inbar,176,267.0,453.0,322.3
Inbar,177,492.2,485.6,305.7
Inbar,178,241.9,511.7,342.3
Inbar,179,459.0,479.0,332.8
Inbar,180,158.6,542.2,306.7
Inbar,181,267.1,580.8,312.4
Inbar,182,267.0,566.8,352.6
Inbar,183,475.5,632.5,347.0
Inbar,184,133.5,642.3,315.7
Inbar,185,150.2,699.8,306.7
Inbar,186,183.5,689.1,330.2
Inbar,187,200.3,642.0,333.1
Inbar,188,299.6,701.3,338.8
Inbar,189,175.1,721.3,342.4
Inbar,190,592.4,679.8,332.2
Inbar,191,283.8,770.8,345.5
Inbar,192,200.2,829.7,345.7
Inbar,193,91.8,941.0,342.6
Inbar,194,166.9,972.4,342.9
Inbar,195,225.3,473.5,344.7
Inbar,196,300.4,470.5,361.9
Inbar,197,275.4,519.8,367.9
Inbar,198,216.9,554.2,353.1
Inbar,199,776.0,531.8,366.3
Inbar,200,116.9,523.3,381.3
Inbar,201,625.7,561.0,360.2
Inbar,202,417.1,618.1,375.0
Inbar,203,275.3,734.3,369.7
Inbar,204,208.6,663.5,362.7
Inbar,205,208.9,680.8,373.5
Inbar,206,133.5,729.3,363.1
Inbar,207,166.9,805.4,367.7
Inbar,208,83.5,841.7,368.4
Inbar,209,183.6,965.8,357.3
Inbar,210,100.4,954.5,361.3
Inbar,211,133.4,991.0,380.9
Inbar,212,183.5,1021.6,383.4
Inbar,213,425.5,455.9,394.1
Inbar,214,116.7,455.8,381.0
Inbar,215,342.0,485.7,414.3
Inbar,216,901.1,482.3,385.8
Inbar,217,166.9,514.8,406.6
Inbar,218,450.5,615.4,397.7
Inbar,219,225.2,519.2,403.6
Inbar,220,125.1,559.2,394.6
Inbar,221,408.8,601.4,412.4
Inbar,222,283.7,687.2,402.6
Inbar,223,734.1,666.8,398.0
Inbar,224,133.5,698.6,378.5
Inbar,225,225.3,729.4,392.0
Inbar,226,83.7,854.0,401.9
Inbar,227,108.5,835.6,386.4
Inbar,228,250.4,912.7,375.3
Inbar,229,275.4,963.2,345.9
Inbar,230,458.8,454.8,392.7
Inbar,231,158.5,442.4,400.8
Inbar,232,1001.2,448.4,416.7
Inbar,233,450.4,491.7,416.6
Inbar,234,484.0,557.0,422.2
Inbar,235,734.2,589.9,424.0
Inbar,236,191.7,535.4,425.5
Inbar,237,659.1,563.7,414.7
Inbar,238,275.2,606.3,399.5
Inbar,239,300.4,668.3,445.2
Inbar,240,425.5,656.5,426.6
Inbar,241,141.9,723.5,458.9
Inbar,242,116.9,753.0,426.0
Inbar,243,225.2,843.1,403.5
Inbar,244,83.5,878.5,404.5
Inbar,245,200.4,921.9,405.5
Inbar,246,83.5,932.6,389.4
Inbar,247,509.0,997.6,412.5
Inbar,248,375.5,470.5,426.4
Inbar,249,116.8,404.1,438.2
Inbar,250,183.5,435.3,418.6
Inbar,251,108.5,440.3,451.4
Inbar,252,100.1,398.1,449.5
Inbar,253,425.6,479.0,428.3
Inbar,254,100.1,525.7,453.6
Inbar,255,459.0,537.3,449.6
Inbar,256,125.1,557.2,438.9
Inbar,257,375.3,573.1,451.8
Inbar,258,609.1,531.7,423.1
Inbar,259,233.6,519.6,438.4
Inbar,260,792.6,572.6,457.0
Inbar,261,567.1,652.1,462.1
Inbar,262,225.2,718.0,461.2
Inbar,263,408.7,949.1,493.3
Inbar,264,383.9,977.9,481.2
Inbar,265,300.4,999.7,490.6
Inbar,266,350.3,944.4,463.1
Inbar,267,216.9,950.7,443.6
Inbar,268,366.7,939.1,462.7
Inbar,269,83.5,983.5,436.2
Inbar,270,367.1,992.8,453.3
Inbar,271,550.8,1032.6,458.7
Inbar,272,108.4,511.8,478.0
Inbar,273,141.8,415.6,480.3
Inbar,274,208.3,458.1,468.3
Inbar,275,600.7,519.3,456.6
Inbar,276,483.9,565.4,479.0
Inbar,277,333.7,547.7,496.4
Inbar,278,267.1,510.3,484.8
Inbar,279,550.6,578.9,493.3
Inbar,280,575.7,655.6,470.9
Inbar,281,242.0,684.5,480.8
Inbar,282,383.7,669.5,479.6
Inbar,283,392.1,900.3,505.8
Inbar,284,467.2,988.7,505.8
Inbar,285,150.1,1020.2,508.0
Inbar,286,141.8,893.6,506.8
Inbar,287,233.6,752.2,458.1
Inbar,288,408.7,956.0,462.9
Inbar,289,392.2,1016.1,457.9
Inbar,290,292.0,1003.1,472.5
Inbar,291,267.0,681.8,467.5
Inbar,292,267.0,625.1,473.8
Inbar,293,467.1,572.0,467.3
Inbar,294,267.0,535.9,470.5
Inbar,295,225.2,502.2,465.6
Inbar,296,208.6,688.6,338.3
Inbar,297,450.6,578.2,339.4
Inbar,298,317.3,535.3,332.0
Inbar,299,283.6,687.0,351.9
Inbar,300,100.0,665.2,347.9
Inbar,301,250.2,653.8,332.6
Inbar,302,183.6,792.9,351.7
Inbar,303,150.1,744.3,336.4
Inbar,304,91.7,739.7,336.1
Inbar,305,125.1,901.2,335.9
Inbar,306,141.9,892.0,322.1
Inbar,307,150.1,990.6,337.1
Inbar,308,233.6,484.7,355.7
Inbar,309,83.5,562.7,366.0
Inbar,310,383.7,628.4,367.0
Inbar,311,433.8,683.9,378.9
Inbar,312,250.4,666.4,373.1
Inbar,313,283.7,669.4,361.0
Inbar,314,108.5,632.1,370.4
Inbar,315,300.3,723.1,402.3
Inbar,316,275.2,721.7,378.1
Inbar,317,150.2,689.4,389.3
Inbar,318,83.4,877.0,366.9
Inbar,319,116.7,917.7,350.5
Inbar,320,108.5,951.7,367.1
Inbar,321,250.2,1023.9,367.5
Inbar,322,417.3,449.8,399.3
Inbar,323,242.0,557.1,380.7
Inbar,324,116.7,548.4,372.5
Inbar,325,166.9,562.5,376.2
Inbar,326,166.8,685.1,403.2
Inbar,327,250.4,665.8,414.6
Inbar,328,100.1,750.5,420.5
Inbar,329,83.4,1017.2,432.7
Inbar,330,125.2,508.9,426.2
Inbar,331,233.6,470.0,428.8
Inbar,332,83.4,401.0,458.4
Inbar,333,83.5,534.3,425.6
Inbar,334,183.5,510.5,415.6
Inbar,335,608.9,453.3,404.8
Inbar,336,83.4,513.5,396.8
Inbar,337,433.9,526.5,411.2
Inbar,338,317.0,575.0,421.1
Inbar,339,225.2,558.5,454.4
Inbar,340,500.6,539.8,427.2
Inbar,341,450.5,590.9,433.0
Inbar,342,158.5,470.9,523.5
Inbar,343,400.5,497.9,503.6
Inbar,344,433.8,560.1,504.8
Inbar,345,116.9,597.4,511.6
Inbar,346,475.6,601.6,515.6
Inbar,347,383.7,615.1,529.6
Inbar,348,100.1,692.9,532.0
Inbar,349,300.4,673.3,524.2
Inbar,350,250.2,632.9,522.0
Inbar,351,125.1,671.5,520.9
Inbar,352,175.4,920.1,528.0
Inbar,353,558.8,961.3,506.7
Inbar,354,91.7,944.3,504.2
Inbar,355,258.6,949.7,507.8
Inbar,356,267.0,975.4,526.6
Inbar,357,192.0,415.9,563.4
Inbar,358,108.5,414.8,545.7
Inbar,359,141.9,430.6,542.4
Inbar,360,166.9,411.7,553.3
Inbar,361,83.4,405.7,548.1
Inbar,362,433.9,484.3,540.6
Inbar,363,884.3,526.6,519.2
Inbar,364,250.4,594.3,532.1
Inbar,365,275.3,665.4,524.6
Inbar,366,392.4,614.4,526.9
Inbar,367,83.5,700.3,550.8
Inbar,368,133.5,794.8,540.3
Inbar,369,91.7,679.0,544.3
Inbar,370,100.1,855.1,569.4
Inbar,371,108.5,889.0,571.3
Inbar,372,375.5,926.9,571.4
Inbar,373,83.5,917.1,536.1
Inbar,374,383.7,454.5,560.2
Inbar,375,275.3,500.9,580.0
Inbar,376,300.4,524.2,566.3
Inbar,377,125.2,683.1,559.7
Inbar,378,225.3,619.0,555.2
Inbar,379,133.5,741.6,558.3
Inbar,380,150.2,793.8,561.2
Inbar,381,100.1,880.0,590.9
Inbar,382,83.5,500.9,577.9
Inbar,383,258.7,517.4,585.9
Inbar,384,250.4,542.5,579.1
Inbar,385,241.9,571.2,572.7
Inbar,386,158.5,621.8,577.9
Inbar,387,108.5,542.0,584.2
Inbar,388,108.5,553.9,595.9
Inbar,389,83.5,472.4,612.1
Inbar,390,91.9,609.0,580.9
Inbar,391,100.1,609.7,593.2
Inbar,392,100.1,652.2,574.4
Inbar,393,108.5,750.0,589.3
Inbar,394,83.5,774.2,574.3
Inbar,395,116.9,850.0,585.2
Inbar,396,116.7,825.5,577.8
Inbar,397,317.3,904.2,606.6
Inbar,398,100.1,933.7,615.8
Inbar,399,158.6,372.4,634.5
Inbar,400,91.8,487.9,602.4
Inbar,401,83.6,474.2,617.0
Inbar,402,166.6,516.5,612.9
Inbar,403,267.0,543.5,602.1
Inbar,404,83.5,628.7,614.3
Inbar,405,158.5,620.3,598.0
Inbar,406,208.6,799.4,620.5
Inbar,407,125.1,807.4,605.2
Inbar,408,141.9,870.8,634.3
Inbar,409,150.2,864.2,629.0
Inbar,410,367.5,928.5,644.3
Inbar,411,83.4,891.6,613.9
Inbar,412,83.3,899.9,633.6
Inbar,413,192.0,828.3,629.2
Inbar,414,108.5,798.1,630.1
Inbar,415,91.7,814.9,628.5
Inbar,416,425.5,590.8,611.8
Inbar,417,200.3,940.3,649.2
Inbar,418,200.2,951.7,641.8
Inbar,419,216.9,946.6,624.0
Inbar,420,125.1,981.3,634.6
Inbar,421,250.2,422.3,640.0
Inbar,422,175.2,386.4,670.5
Inbar,423,166.9,449.1,632.2
Inbar,424,275.3,412.6,659.7
Inbar,425,584.0,371.9,688.6
Inbar,426,267.0,384.5,686.0
Inbar,427,141.9,358.0,687.6
Inbar,428,233.6,387.4,679.4
Inbar,429,192.0,531.5,648.9
Inbar,430,425.6,463.5,644.0
Inbar,431,175.1,455.4,646.9
Inbar,432,534.0,526.5,635.4
Inbar,433,108.5,600.7,635.0
Inbar,434,150.2,738.7,645.0
Inbar,435,200.3,773.4,636.3
Inbar,436,542.3,869.2,643.3
Inbar,437,225.3,924.4,673.7
Inbar,438,216.8,956.9,677.6
Inbar,439,166.9,629.5,669.5
Inbar,440,200.2,540.1,682.6
Inbar,441,91.8,970.8,691.6
Inbar,442,133.5,495.4,695.4
Inbar,443,208.5,460.8,684.2
Inbar,444,776.0,448.0,657.4
Inbar,445,225.3,458.5,645.4
Inbar,446,258.8,468.1,648.2
Inbar,447,508.6,527.6,657.2
Inbar,448,216.9,590.3,652.0
Inbar,449,100.2,729.4,630.8
Inbar,450,183.5,856.0,666.3
Inbar,451,150.3,825.7,659.2
Inbar,452,392.4,913.2,691.7
Inbar,453,208.6,762.1,645.5
Inbar,454,83.4,787.3,643.9
Inbar,455,100.2,897.7,624.8
Inbar,456,233.6,871.5,609.4
Inbar,457,250.3,880.8,612.1
Inbar,458,283.7,951.8,617.9
Inbar,459,100.0,463.3,676.4
Inbar,460,83.2,341.7,703.9
Inbar,461,108.5,409.7,682.8
Inbar,462,100.1,450.1,672.8
Inbar,463,83.4,461.9,678.2
Inbar,464,225.2,476.5,670.6
Inbar,465,108.4,442.0,675.1
Inbar,466,325.4,465.8,679.9
Inbar,467,300.4,522.0,687.1
Inbar,468,158.7,628.5,678.2
Inbar,469,100.1,592.9,669.4
Inbar,470,150.3,590.2,677.1
Inbar,471,83.5,599.3,660.3
Inbar,472,166.8,690.6,650.9
Inbar,473,308.7,693.8,662.6
Inbar,474,133.5,731.1,659.9
Inbar,475,108.5,753.0,649.9
Inbar,476,191.6,948.7,704.1
Inbar,477,83.5,820.6,673.8
Inbar,478,100.2,484.3,692.5
Inbar,479,116.9,456.6,707.0
Inbar,480,158.7,448.1,697.8
Inbar,481,200.2,503.7,725.4
Inbar,482,383.8,492.3,699.2
Inbar,483,784.2,533.5,696.5
Inbar,484,175.2,549.3,703.3
Inbar,485,350.3,548.8,713.5
Inbar,486,216.9,634.4,692.8
Inbar,487,208.6,580.9,723.2
Inbar,488,183.6,726.4,689.6
Inbar,489,133.5,734.2,694.4
Inbar,490,183.5,937.4,711.0
Inbar,491,116.8,910.4,705.1
Inbar,492,108.5,700.3,684.3
Inbar,493,292.2,640.9,699.5
Inbar,494,191.9,781.4,717.7
Inbar,495,200.4,794.7,712.1
Inbar,496,275.4,969.3,701.2
Inbar,497,133.5,856.4,652.2
Inbar,498,442.2,972.6,701.1
Inbar,499,116.8,973.3,719.8
Inbar,500,108.3,676.1,688.0
Inbar,501,158.5,976.8,738.0
Inbar,502,250.4,979.2,735.9
Inbar,503,83.4,957.7,714.2
Inbar,504,150.1,484.6,731.1
Inbar,505,175.2,338.8,764.6
Inbar,506,408.7,483.5,759.5
Inbar,507,308.8,564.8,735.9
Inbar,508,267.1,555.5,757.3
Inbar,509,91.8,685.0,708.4
Inbar,510,141.8,676.7,706.8
Inbar,511,148.9,707.4,709.3
Inbar,512,91.7,759.6,710.3
Inbar,513,83.5,882.9,739.8
Inbar,514,166.9,927.1,775.4
Inbar,515,83.5,838.6,727.1
Inbar,516,200.2,457.6,776.9
Inbar,517,141.9,405.4,792.8
Inbar,518,116.9,497.7,805.7
Inbar,519,158.5,496.4,794.8
Inbar,520,275.3,561.0,761.3
Inbar,521,91.9,574.9,765.9
Inbar,522,133.5,606.9,752.7
Inbar,523,116.7,692.2,718.4
Inbar,524,166.9,659.8,743.8
Inbar,525,175.3,823.7,733.6
Inbar,526,91.7,851.5,762.0
Inbar,527,392.1,937.9,798.7
Inbar,528,291.9,916.6,778.6
Inbar,529,116.8,954.6,792.7
Inbar,530,108.5,440.6,796.7
Inbar,531,250.3,436.6,789.3
Inbar,532,83.4,342.4,825.1
Inbar,533,150.3,495.0,840.3
Inbar,534,141.8,672.7,724.9
Inbar,535,100.1,684.4,743.8
Inbar,536,100.6,582.6,809.1
Inbar,537,225.2,559.6,807.4
Inbar,538,158.5,606.6,762.8
Inbar,539,225.2,652.6,747.7
Inbar,540,233.6,645.2,741.2
Inbar,541,116.7,701.0,728.5
Inbar,542,100.3,707.8,723.4
Inbar,543,508.9,719.4,764.5
Inbar,544,150.2,444.6,813.1
Inbar,545,158.6,463.5,812.3
Inbar,546,191.9,453.3,820.7
Inbar,547,91.9,467.0,820.3
Inbar,548,91.7,546.0,856.9
Inbar,549,275.2,586.6,820.1
Inbar,550,116.9,719.7,778.8
Inbar,551,108.5,666.2,832.4
Inbar,552,100.1,646.1,799.3
Inbar,553,192.0,633.0,803.4
Inbar,554,200.2,708.7,816.7
Inbar,555,217.0,725.6,827.0
Inbar,556,92.0,691.0,844.3
Inbar,557,141.9,737.6,833.5
Inbar,558,417.1,808.6,837.9
Inbar,559,392.1,856.7,836.0
Inbar,560,133.5,896.7,842.9
Inbar,561,125.1,395.1,855.7
Inbar,562,141.8,412.4,832.3
Inbar,563,208.6,395.2,834.5
Inbar,564,83.2,393.6,841.4
Inbar,565,116.9,529.0,845.3
Inbar,566,91.7,532.8,828.2
Inbar,567,100.1,537.4,841.6
Inbar,568,241.6,589.2,847.6
Inbar,569,125.3,591.0,839.3
Inbar,570,500.7,789.4,878.4
Inbar,571,408.8,833.5,860.7
Inbar,572,283.6,867.4,847.9
Inbar,573,325.4,790.7,881.5
Inbar,574,283.6,847.1,854.0
Inbar,575,659.1,888.5,857.5
Inbar,576,217.0,906.8,861.0
Inbar,577,325.5,861.7,855.0
Inbar,578,1076.3,897.8,853.2
Inbar,579,575.7,940.5,854.5
Inbar,580,558.9,444.6,867.1
Inbar,581,233.6,482.9,840.5
Inbar,582,100.1,469.8,875.8
Inbar,583,459.0,484.1,867.7
Inbar,584,442.3,474.6,846.3
Inbar,585,141.9,506.6,861.7
Inbar,586,175.2,552.0,841.0
Inbar,587,308.7,555.4,858.3
Inbar,588,308.5,499.6,856.2
Inbar,589,91.8,553.9,842.7
Inbar,590,333.7,679.9,907.6
Inbar,591,191.9,656.5,897.5
Inbar,592,91.9,793.4,913.1
Inbar,593,91.8,778.0,865.6
Inbar,594,350.3,829.3,875.3
Inbar,595,183.6,893.6,854.8
Inbar,596,100.1,922.4,857.1
Inbar,597,308.7,428.7,861.2
Inbar,598,425.8,459.5,872.5
Inbar,599,392.3,485.4,895.0
Inbar,600,183.7,523.9,846.1
Inbar,601,116.7,543.5,859.5
Inbar,602,183.6,432.5,910.0
Inbar,603,283.8,447.8,903.5
Inbar,604,175.1,449.5,895.0
Inbar,605,367.0,481.1,865.4
Inbar,606,191.5,476.7,916.4
Inbar,607,83.4,523.7,867.1
Inbar,608,83.4,520.9,855.4
Inbar,609,175.1,630.0,897.0
Inbar,610,175.2,665.2,926.8
Inbar,611,725.8,715.8,927.9
Inbar,612,600.7,776.0,923.6
Inbar,613,367.1,852.8,904.6
Inbar,614,91.9,415.1,960.0
Inbar,615,383.9,430.6,927.8
Inbar,616,300.4,395.4,955.5
Inbar,617,91.7,378.8,958.1
Inbar,618,233.6,386.2,948.0
Inbar,619,91.7,398.4,923.5
Inbar,620,308.7,415.2,921.9
Inbar,621,258.6,395.2,936.5
Inbar,622,559.1,442.1,916.2
Inbar,623,233.6,509.2,872.1
Inbar,624,200.2,715.6,956.0
Inbar,625,108.5,713.7,929.4
Inbar,626,350.3,655.3,944.8
Inbar,627,184.0,795.9,916.7
Inbar,628,192.0,714.8,919.1
Inbar,629,475.5,695.4,923.5
Inbar,630,475.6,602.4,903.1
Inbar,631,325.3,688.5,897.9
Inbar,632,158.5,435.7,917.9
Inbar,633,208.6,793.7,244.7
Inbar,634,183.6,672.2,117.2
Inbar,635,333.8,554.2,565.9
